start_date,end_date,age_days
2021-11-10,2038-06-15,6061
2021-11-10,2034-09-11,4688
2021-11-10,2030-05-07,3100
2021-11-10,2028-06-22,2416
2021-11-10,2031-03-07,3404
2021-11-10,2026-01-16,1528
2021-11-10,2028-02-04,2277
2021-11-10,2038-03-22,5976
2021-11-10,2025-12-13,1494
2021-11-10,2036-09-06,5414
2021-11-10,2025-11-27,1478
2021-11-10,2023-12-02,752
2021-11-10,2028-11-22,2569
2021-11-10,2029-04-22,2720
2021-11-10,2033-04-27,4186
2021-11-10,2028-04-15,2348
2021-11-10,2027-10-30,2180
2021-11-10,2031-03-03,3400
2021-11-10,2039-05-17,6397
2021-11-10,2036-06-04,5320
2021-11-10,2037-08-06,5748
2021-11-10,2034-03-03,4496
2021-11-10,2032-07-19,3904
2021-11-10,2028-10-31,2547
2021-11-10,2036-06-12,5328
2021-11-10,2038-01-14,5909
2021-11-10,2037-06-16,5697
2021-11-10,2037-10-10,5813
2021-11-10,2025-04-15,1252
2021-11-10,2033-06-11,4231
2021-11-10,2029-02-06,2645
2021-11-10,2025-08-24,1383
2021-11-10,2036-06-25,5341
2021-11-10,2027-03-18,1954
2021-11-10,2032-05-25,3849
2021-11-10,2036-04-24,5279
2021-11-10,2028-09-22,2508
2021-11-10,2037-08-20,5762
2021-11-10,2024-02-21,833
2021-11-10,2025-07-22,1350
2021-11-10,2038-08-31,6138
2021-11-10,2037-09-05,5778
2021-11-10,2039-08-17,6489
2021-11-10,2026-04-23,1625
2021-11-10,2027-02-20,1928
2021-11-10,2034-10-16,4723
2021-11-10,2035-10-31,5103
2021-11-10,2032-12-28,4066
2021-11-10,2036-03-16,5240
2021-11-10,2038-04-24,6009
2021-11-10,2026-10-18,1803
2021-11-10,2032-10-19,3996
2021-11-10,2027-09-28,2148
2021-11-10,2034-04-01,4525
2021-11-10,2031-05-09,3467
2021-11-10,2033-07-20,4270
2021-11-10,2038-10-13,6181
2021-11-10,2025-01-27,1174
2021-11-10,2033-12-27,4430
2021-11-10,2028-03-09,2311
2021-11-10,2024-01-29,810
2021-11-10,2032-06-13,3868
2021-11-10,2034-04-12,4536
2021-11-10,2037-09-05,5778
2021-11-10,2038-01-04,5899
2021-11-10,2034-03-22,4515
2021-11-10,2029-05-01,2729
2021-11-10,2032-01-21,3724
2021-11-10,2030-08-26,3211
2021-11-10,2028-05-14,2377
2021-11-10,2029-06-03,2762
2021-11-10,2033-10-21,4363
2021-11-10,2037-03-16,5605
2021-11-10,2024-05-25,927
2021-11-10,2034-04-18,4542
2021-11-10,2032-06-08,3863
2021-11-10,2026-07-20,1713
2021-11-10,2035-05-25,4944
2021-11-10,2039-05-02,6382
2021-11-10,2027-11-10,2191
2021-11-10,2038-06-16,6062
2021-11-10,2025-10-31,1451
2021-11-10,2024-08-08,1002
2021-11-10,2036-04-25,5280
2021-11-10,2031-01-28,3366
2021-11-10,2028-04-12,2345
2021-11-10,2037-04-11,5631
2021-11-10,2035-11-09,5112
2021-11-10,2025-07-03,1331
2021-11-10,2036-03-31,5255
2021-11-10,2029-02-26,2665
2021-11-10,2037-11-21,5855
2021-11-10,2025-05-09,1276
2021-11-10,2036-04-11,5266
2021-11-10,2038-07-27,6103
2021-11-10,2034-12-18,4786
2021-11-10,2029-03-05,2672
2021-11-10,2029-03-04,2671
2021-11-10,2031-10-03,3614
2021-11-10,2024-04-12,884
2021-11-10,2031-05-11,3469
2021-11-10,2026-11-01,1817
2021-11-10,2032-04-15,3809
2021-11-10,2024-02-01,813
2021-11-10,2038-02-22,5948
2021-11-10,2028-10-26,2542
2021-11-10,2039-10-12,6545
2021-11-10,2033-02-20,4120
2021-11-10,2025-04-22,1259
2021-11-10,2033-07-26,4276
2021-11-10,2037-11-21,5855
2021-11-10,2032-01-20,3723
2021-11-10,2038-10-21,6189
2021-11-10,2029-03-22,2689
2021-11-10,2027-11-01,2182
2021-11-10,2025-06-15,1313
2021-11-10,2034-04-19,4543
2021-11-10,2031-11-01,3643
2021-11-10,2034-07-24,4639
2021-11-10,2026-09-09,1764
2021-11-10,2024-07-06,969
2021-11-10,2028-10-12,2528
2021-11-10,2029-11-24,2936
2021-11-10,2025-04-07,1244
2021-11-10,2026-04-18,1620
2021-11-10,2037-02-08,5569
2021-11-10,2029-11-23,2935
2021-11-10,2035-03-28,4886
2021-11-10,2037-02-02,5563
2021-11-10,2032-05-20,3844
2021-11-10,2032-11-02,4010
2021-11-10,2029-12-23,2965
2021-11-10,2028-05-03,2366
2021-11-10,2032-08-03,3919
2021-11-10,2027-11-12,2193
2021-11-10,2028-06-10,2404
2021-11-10,2034-01-20,4454
2021-11-10,2034-11-02,4740
2021-11-10,2028-09-26,2512
2021-11-10,2030-11-09,3286
2021-11-10,2037-06-25,5706
2021-11-10,2036-12-04,5503
2021-11-10,2030-05-06,3099
2021-11-10,2032-04-28,3822
2021-11-10,2031-06-15,3504
2021-11-10,2034-07-24,4639
2021-11-10,2029-04-11,2709
2021-11-10,2027-07-25,2083
2021-11-10,2036-06-25,5341
2021-11-10,2033-07-15,4265
2021-11-10,2033-03-04,4132
2021-11-10,2035-04-04,4893
2021-11-10,2035-09-12,5054
2021-11-10,2039-01-26,6286
2021-11-10,2035-11-09,5112
2021-11-10,2025-04-17,1254
2021-11-10,2025-11-15,1466
2021-11-10,2024-01-27,808
2021-11-10,2033-12-18,4421
2021-11-10,2027-06-04,2032
2021-11-10,2037-05-13,5663
2021-11-10,2027-07-21,2079
2021-11-10,2035-01-01,4800
2021-11-10,2037-08-06,5748
2021-11-10,2028-10-22,2538
2021-11-10,2032-06-27,3882
2021-11-10,2030-09-21,3237
2021-11-10,2031-04-14,3442
2021-11-10,2026-01-04,1516
2021-11-10,2027-02-20,1928
2021-11-10,2037-04-30,5650
2021-11-10,2028-02-07,2280
2021-11-10,2033-07-10,4260
2021-11-10,2039-02-24,6315
2021-11-10,2028-05-15,2378
2021-11-10,2036-07-29,5375
2021-11-10,2025-12-24,1505
2021-11-10,2029-05-23,2751
2021-11-10,2027-10-06,2156
2021-11-10,2039-04-17,6367
2021-11-10,2024-10-06,1061
2021-11-10,2025-03-13,1219
2021-11-10,2026-03-08,1579
2021-11-10,2025-01-05,1152
2021-11-10,2028-12-31,2608
2021-11-10,2031-09-05,3586
2021-11-10,2031-09-14,3595
2021-11-10,2029-03-02,2669
2021-11-10,2025-08-27,1386
2021-11-10,2026-09-07,1762
2021-11-10,2034-01-31,4465
2021-11-10,2038-11-30,6229
2021-11-10,2033-06-12,4232
2021-11-10,2034-07-02,4617
2021-11-10,2036-10-04,5442
2021-11-10,2033-04-04,4163
2021-11-10,2030-10-08,3254
2021-11-10,2030-11-04,3281
2021-11-10,2033-09-09,4321
2021-11-10,2025-09-04,1394
2021-11-10,2032-11-04,4012
2021-11-10,2026-09-12,1767
2021-11-10,2029-05-21,2749
2021-11-10,2024-11-30,1116
2021-11-10,2038-11-25,6224
2021-11-10,2032-08-18,3934
2021-11-10,2024-01-17,798
2021-11-10,2024-10-29,1084
2021-11-10,2031-06-28,3517
2021-11-10,2035-02-05,4835
2021-11-10,2038-09-26,6164
2021-11-10,2038-08-23,6130
2021-11-10,2038-09-24,6162
2021-11-10,2029-09-18,2869
2021-11-10,2024-12-17,1133
2021-11-10,2026-07-14,1707
2021-11-10,2031-02-21,3390
2021-11-10,2034-02-11,4476
2021-11-10,2026-03-01,1572
2021-11-10,2038-09-17,6155
2021-11-10,2035-05-20,4939
2021-11-10,2032-09-23,3970
2021-11-10,2033-01-04,4073
2021-11-10,2035-11-02,5105
2021-11-10,2039-01-14,6274
2021-11-10,2031-07-20,3539
2021-11-10,2032-07-02,3887
2021-11-10,2028-08-02,2457
2021-11-10,2034-06-16,4601
2021-11-10,2028-09-21,2507
2021-11-10,2036-04-23,5278
2021-11-10,2029-02-25,2664
2021-11-10,2030-05-16,3109
2021-11-10,2038-06-02,6048
2021-11-10,2024-06-14,947
2021-11-10,2035-04-19,4908
2021-11-10,2032-12-12,4050
2021-11-10,2032-01-04,3707
2021-11-10,2029-07-25,2814
2021-11-10,2029-08-07,2827
2021-11-10,2034-02-05,4470
2021-11-10,2039-04-03,6353
2021-11-10,2030-01-04,2977
2021-11-10,2030-05-13,3106
2021-11-10,2038-06-04,6050
2021-11-10,2024-06-11,944
2021-11-10,2036-08-26,5403
2021-11-10,2039-06-26,6437
2021-11-10,2035-07-16,4996
2021-11-10,2032-04-02,3796
2021-11-10,2025-03-18,1224
2021-11-10,2031-03-07,3404
2021-11-10,2027-05-16,2013
2021-11-10,2038-06-19,6065
2021-11-10,2024-11-11,1097
2021-11-10,2039-07-02,6443
2021-11-10,2027-02-19,1927
2021-11-10,2031-10-01,3612
2021-11-10,2030-07-27,3181
2021-11-10,2035-10-13,5085
2021-11-10,2027-02-12,1920
2021-11-10,2034-02-09,4474
2021-11-10,2037-11-10,5844
2021-11-10,2033-12-17,4420
2021-11-10,2026-01-08,1520
2021-11-10,2029-10-30,2911
2021-11-10,2025-12-30,1511
2021-11-10,2036-11-15,5484
2021-11-10,2028-05-07,2370
2021-11-10,2030-06-13,3137
2021-11-10,2029-04-21,2719
2021-11-10,2035-07-29,5009
2021-11-10,2030-03-01,3033
2021-11-10,2037-01-07,5537
2021-11-10,2028-02-03,2276
2021-11-10,2027-03-03,1939
2021-11-10,2037-03-16,5605
2021-11-10,2028-03-06,2308
2021-11-10,2027-12-30,2241
2021-11-10,2028-12-31,2608
2021-11-10,2036-12-06,5505
2021-11-10,2038-05-01,6016
2021-11-10,2034-08-09,4655
2021-11-10,2027-07-26,2084
2021-11-10,2036-07-22,5368
2021-11-10,2030-01-17,2990
2021-11-10,2034-08-01,4647
2021-11-10,2035-09-23,5065
2021-11-10,2037-09-08,5781
2021-11-10,2037-10-04,5807
2021-11-10,2027-04-27,1994
2021-11-10,2033-02-03,4103
2021-11-10,2031-07-27,3546
2021-11-10,2025-12-21,1502
2021-11-10,2033-04-05,4164
2021-11-10,2034-11-19,4757
2021-11-10,2035-10-03,5075
2021-11-10,2032-11-13,4021
2021-11-10,2026-01-15,1527
2021-11-10,2024-10-17,1072
2021-11-10,2035-02-28,4858
2021-11-10,2034-01-22,4456
2021-11-10,2028-07-29,2453
2021-11-10,2034-07-04,4619
2021-11-10,2032-12-25,4063
2021-11-10,2027-10-03,2153
2021-11-10,2032-02-26,3760
2021-11-10,2032-08-08,3924
2021-11-10,2034-09-01,4678
2021-11-10,2025-08-21,1380
2021-11-10,2037-11-04,5838
2021-11-10,2027-10-06,2156
2021-11-10,2035-04-28,4917
2021-11-10,2024-12-14,1130
2021-11-10,2037-06-05,5686
2021-11-10,2032-06-10,3865
2021-11-10,2030-04-14,3077
2021-11-10,2026-01-27,1539
2021-11-10,2033-02-25,4125
2021-11-10,2032-02-07,3741
2021-11-10,2027-07-12,2070
2021-11-10,2026-04-06,1608
2021-11-10,2029-06-03,2762
2021-11-10,2023-11-23,743
2021-11-10,2035-03-17,4875
2021-11-10,2031-01-06,3344
2021-11-10,2035-09-06,5048
2021-11-10,2023-11-18,738
2021-11-10,2039-05-22,6402
2021-11-10,2028-12-04,2581
2021-11-10,2026-03-26,1597
2021-11-10,2024-10-13,1068
2021-11-10,2032-11-05,4013
2021-11-10,2032-06-27,3882
2021-11-10,2032-05-03,3827
2021-11-10,2034-05-27,4581
2021-11-10,2030-08-19,3204
2021-11-10,2037-11-28,5862
2021-11-10,2032-08-16,3932
2021-11-10,2035-03-04,4862
2021-11-10,2028-02-11,2284
2021-11-10,2035-09-07,5049
2021-11-10,2028-07-09,2433
2021-11-10,2030-10-13,3259
2021-11-10,2024-04-05,877
2021-11-10,2026-02-26,1569
2021-11-10,2032-10-07,3984
2021-11-10,2032-03-16,3779
2021-11-10,2039-10-02,6535
2021-11-10,2036-01-09,5173
2021-11-10,2026-10-12,1797
2021-11-10,2028-06-25,2419
2021-11-10,2031-04-02,3430
2021-11-10,2036-02-02,5197
2021-11-10,2027-07-05,2063
2021-11-10,2034-11-25,4763
2021-11-10,2038-09-09,6147
2021-11-10,2034-09-13,4690
2021-11-10,2033-10-19,4361
2021-11-10,2031-09-20,3601
2021-11-10,2037-04-05,5625
2021-11-10,2038-07-17,6093
2021-11-10,2031-12-15,3687
2021-11-10,2026-03-16,1587
2021-11-10,2028-08-09,2464
2021-11-10,2033-06-19,4239
2021-11-10,2037-06-01,5682
2021-11-10,2027-09-28,2148
2021-11-10,2028-09-25,2511
2021-11-10,2033-08-03,4284
2021-11-10,2029-05-05,2733
2021-11-10,2035-04-21,4910
2021-11-10,2032-10-31,4008
2021-11-10,2028-12-23,2600
2021-11-10,2029-04-26,2724
2021-11-10,2031-09-20,3601
2021-11-10,2031-07-07,3526
2021-11-10,2025-11-19,1470
2021-11-10,2034-03-16,4509
2021-11-10,2025-05-29,1296
2021-11-10,2029-08-02,2822
2021-11-10,2039-01-24,6284
2021-11-10,2035-07-11,4991
2021-11-10,2033-05-01,4190
2021-11-10,2034-09-18,4695
2021-11-10,2031-02-25,3394
2021-11-10,2034-02-13,4478
2021-11-10,2026-08-16,1740
2021-11-10,2027-04-30,1997
2021-11-10,2032-09-27,3974
2021-11-10,2037-10-11,5814
2021-11-10,2036-08-13,5390
2021-11-10,2034-01-08,4442
2021-11-10,2036-08-25,5402
2021-11-10,2028-03-09,2311
2021-11-10,2026-02-21,1564
2021-11-10,2033-12-06,4409
2021-11-10,2035-10-26,5098
2021-11-10,2025-03-01,1207
2021-11-10,2033-10-17,4359
2021-11-10,2024-02-13,825
2021-11-10,2031-11-09,3651
2021-11-10,2028-09-26,2512
2021-11-10,2030-09-12,3228
2021-11-10,2033-03-26,4154
2021-11-10,2037-05-20,5670
2021-11-10,2039-01-17,6277
2021-11-10,2029-12-04,2946
2021-11-10,2038-10-05,6173
2021-11-10,2028-08-12,2467
2021-11-10,2026-04-06,1608
2021-11-10,2034-02-03,4468
2021-11-10,2035-07-15,4995
2021-11-10,2039-07-08,6449
2021-11-10,2024-10-27,1082
2021-11-10,2028-09-15,2501
2021-11-10,2033-08-27,4308
2021-11-10,2034-09-02,4679
2021-11-10,2033-05-15,4204
2021-11-10,2025-06-23,1321
2021-11-10,2027-03-04,1940
2021-11-10,2032-07-18,3903
2021-11-10,2027-10-21,2171
2021-11-10,2032-10-12,3989
2021-11-10,2031-08-01,3551
2021-11-10,2024-04-14,886
2021-11-10,2035-12-20,5153
2021-11-10,2025-01-30,1177
2021-11-10,2037-01-21,5551
2021-11-10,2033-02-16,4116
2021-11-10,2030-02-13,3017
2021-11-10,2039-07-12,6453
2021-11-10,2031-06-23,3512
2021-11-10,2032-10-11,3988
2021-11-10,2037-03-12,5601
2021-11-10,2034-08-17,4663
2021-11-10,2036-04-27,5282
2021-11-10,2029-02-24,2663
2021-11-10,2030-09-06,3222
2021-11-10,2031-06-06,3495
2021-11-10,2038-07-08,6084
2021-11-10,2027-05-28,2025
2021-11-10,2030-12-13,3320
2021-11-10,2034-06-28,4613
2021-11-10,2035-12-03,5136
2021-11-10,2035-03-08,4866
2021-11-10,2026-11-29,1845
2021-11-10,2039-01-13,6273
2021-11-10,2037-08-31,5773
2021-11-10,2035-08-18,5029
2021-11-10,2034-06-23,4608
2021-11-10,2036-04-29,5284
2021-11-10,2026-09-09,1764
2021-11-10,2027-08-31,2120
2021-11-10,2030-05-08,3101
2021-11-10,2031-02-24,3393
2021-11-10,2036-02-07,5202
2021-11-10,2027-09-04,2124
2021-11-10,2027-01-24,1901
2021-11-10,2027-04-16,1983
2021-11-10,2029-12-11,2953
2021-11-10,2025-01-25,1172
2021-11-10,2036-08-17,5394
2021-11-10,2034-05-09,4563
2021-11-10,2038-12-07,6236
2021-11-10,2029-11-28,2940
2021-11-10,2024-01-11,792
2021-11-10,2033-05-05,4194
2021-11-10,2024-06-17,950
2021-11-10,2035-03-30,4888
2021-11-10,2031-02-22,3391
2021-11-10,2031-08-08,3558
2021-11-10,2033-03-30,4158
2021-11-10,2035-07-28,5008
2021-11-10,2025-01-16,1163
2021-11-10,2032-10-16,3993
2021-11-10,2028-02-12,2285
2021-11-10,2035-11-16,5119
2021-11-10,2032-11-15,4023
2021-11-10,2025-06-28,1326
2021-11-10,2031-02-02,3371
2021-11-10,2029-01-31,2639
2021-11-10,2029-04-04,2702
2021-11-10,2027-07-16,2074
2021-11-10,2032-09-22,3969
2021-11-10,2032-09-14,3961
2021-11-10,2031-08-28,3578
2021-11-10,2032-01-10,3713
2021-11-10,2025-05-06,1273
2021-11-10,2037-08-24,5766
2021-11-10,2025-12-15,1496
2021-11-10,2030-01-18,2991
2021-11-10,2037-05-16,5666
2021-11-10,2035-05-10,4929
2021-11-10,2024-03-25,866
2021-11-10,2030-05-12,3105
2021-11-10,2037-05-22,5672
2021-11-10,2031-08-21,3571
2021-11-10,2035-04-21,4910
2021-11-10,2027-10-08,2158
2021-11-10,2029-02-09,2648
2021-11-10,2030-01-09,2982
2021-11-10,2028-07-11,2435
2021-11-10,2038-03-28,5982
2021-11-10,2029-11-02,2914
2021-11-10,2030-09-20,3236
2021-11-10,2033-01-04,4073
2021-11-10,2038-03-30,5984
2021-11-10,2029-09-27,2878
2021-11-10,2036-05-23,5308
2021-11-10,2038-04-21,6006
2021-11-10,2033-06-28,4248
2021-11-10,2025-02-24,1202
2021-11-10,2031-02-23,3392
2021-11-10,2031-05-16,3474
2021-11-10,2037-01-22,5552
2021-11-10,2038-02-07,5933
2021-11-10,2033-08-19,4300
2021-11-10,2026-09-23,1778
2021-11-10,2039-09-20,6523
2021-11-10,2030-06-25,3149
2021-11-10,2039-04-14,6364
2021-11-10,2026-10-19,1804
2021-11-10,2024-08-10,1004
2021-11-10,2037-11-07,5841
2021-11-10,2026-11-05,1821
2021-11-10,2034-01-30,4464
2021-11-10,2035-05-12,4931
2021-11-10,2035-11-06,5109
2021-11-10,2037-10-03,5806
2021-11-10,2033-04-06,4165
2021-11-10,2037-10-18,5821
2021-11-10,2027-10-20,2170
2021-11-10,2032-05-14,3838
2021-11-10,2031-10-06,3617
2021-11-10,2025-12-16,1497
2021-11-10,2038-04-16,6001
2021-11-10,2032-05-08,3832
2021-11-10,2033-03-25,4153
2021-11-10,2028-06-21,2415
2021-11-10,2032-01-20,3723
2021-11-10,2031-09-25,3606
2021-11-10,2028-11-10,2557
2021-11-10,2034-02-18,4483
2021-11-10,2028-11-16,2563
2021-11-10,2034-09-30,4707
2021-11-10,2027-12-26,2237
2021-11-10,2029-07-12,2801
2021-11-10,2036-02-02,5197
2021-11-10,2028-11-21,2568
2021-11-10,2039-08-02,6474
2021-11-10,2032-01-26,3729
2021-11-10,2032-04-28,3822
2021-11-10,2036-06-02,5318
2021-11-10,2034-11-20,4758
2021-11-10,2028-07-06,2430
2021-11-10,2024-12-14,1130
2021-11-10,2031-06-25,3514
2021-11-10,2033-02-03,4103
2021-11-10,2027-05-31,2028
2021-11-10,2031-04-19,3447
2021-11-10,2030-01-04,2977
2021-11-10,2038-05-23,6038
2021-11-10,2034-10-01,4708
2021-11-10,2034-06-23,4608
2021-11-10,2039-03-21,6340
2021-11-10,2028-10-29,2545
2021-11-10,2024-09-25,1050
2021-11-10,2027-06-22,2050
2021-11-10,2027-03-13,1949
2021-11-10,2035-09-09,5051
2021-11-10,2026-11-18,1834
2021-11-10,2024-03-24,865
2021-11-10,2032-04-11,3805
2021-11-10,2033-04-19,4178
2021-11-10,2025-12-26,1507
2021-11-10,2032-05-09,3833
2021-11-10,2024-04-28,900
2021-11-10,2026-11-23,1839
2021-11-10,2025-10-03,1423
2021-11-10,2028-07-14,2438
2021-11-10,2030-10-10,3256
2021-11-10,2038-04-17,6002
2021-11-10,2027-05-17,2014
2021-11-10,2024-04-14,886
2021-11-10,2038-06-02,6048
2021-11-10,2038-07-16,6092
2021-11-10,2038-08-22,6129
2021-11-10,2037-11-05,5839
2021-11-10,2024-11-24,1110
2021-11-10,2029-01-12,2620
2021-11-10,2029-09-09,2860
2021-11-10,2031-12-08,3680
2021-11-10,2035-12-13,5146
2021-11-10,2025-12-14,1495
2021-11-10,2039-03-30,6349
2021-11-10,2031-08-13,3563
2021-11-10,2033-12-01,4404
2021-11-10,2033-11-24,4397
2021-11-10,2029-05-17,2745
2021-11-10,2029-09-17,2868
2021-11-10,2025-12-02,1483
2021-11-10,2034-02-21,4486
2021-11-10,2038-10-16,6184
2021-11-10,2038-09-01,6139
2021-11-10,2029-02-17,2656
2021-11-10,2030-11-21,3298
2021-11-10,2037-02-23,5584
2021-11-10,2034-06-17,4602
2021-11-10,2035-02-22,4852
2021-11-10,2031-02-03,3372
2021-11-10,2036-02-27,5222
2021-11-10,2025-02-20,1198
2021-11-10,2025-03-14,1220
2021-11-10,2032-09-19,3966
2021-11-10,2035-07-23,5003
2021-11-10,2036-03-05,5229
2021-11-10,2028-02-04,2277
2021-11-10,2038-02-04,5930
2021-11-10,2036-08-07,5384
2021-11-10,2024-05-09,911
2021-11-10,2035-04-10,4899
2021-11-10,2039-09-10,6513
2021-11-10,2027-05-08,2005
2021-11-10,2037-03-02,5591
2021-11-10,2037-11-14,5848
2021-11-10,2032-10-11,3988
2021-11-10,2024-04-09,881
2021-11-10,2026-04-12,1614
2021-11-10,2025-07-16,1344
2021-11-10,2035-10-13,5085
2021-11-10,2027-10-24,2174
2021-11-10,2035-01-07,4806
2021-11-10,2033-07-01,4251
2021-11-10,2024-06-07,940
2021-11-10,2035-05-30,4949
2021-11-10,2034-07-29,4644
2021-11-10,2030-03-14,3046
2021-11-10,2026-03-31,1602
2021-11-10,2038-05-04,6019
2021-11-10,2038-09-27,6165
2021-11-10,2026-05-30,1662
2021-11-10,2039-04-05,6355
2021-11-10,2026-05-03,1635
2021-11-10,2036-01-19,5183
2021-11-10,2027-01-06,1883
2021-11-10,2029-02-16,2655
2021-11-10,2027-02-10,1918
2021-11-10,2038-04-23,6008
2021-11-10,2039-10-09,6542
2021-11-10,2038-05-08,6023
2021-11-10,2027-08-07,2096
2021-11-10,2037-07-02,5713
2021-11-10,2032-12-26,4064
2021-11-10,2030-11-23,3300
2021-11-10,2032-01-05,3708
2021-11-10,2029-09-14,2865
2021-11-10,2034-06-12,4597
2021-11-10,2030-09-19,3235
2021-11-10,2026-03-14,1585
2021-11-10,2032-01-29,3732
2021-11-10,2036-05-17,5302
2021-11-10,2030-06-15,3139
2021-11-10,2027-12-19,2230
2021-11-10,2039-02-26,6317
2021-11-10,2029-09-10,2861
2021-11-10,2038-10-04,6172
2021-11-10,2031-07-30,3549
2021-11-10,2031-06-21,3510
2021-11-10,2036-03-28,5252
2021-11-10,2035-08-07,5018
2021-11-10,2025-09-23,1413
2021-11-10,2024-11-07,1093
2021-11-10,2037-08-30,5772
2021-11-10,2031-09-04,3585
2021-11-10,2036-10-02,5440
2021-11-10,2032-04-01,3795
2021-11-10,2029-08-19,2839
2021-11-10,2032-03-02,3765
2021-11-10,2029-09-15,2866
2021-11-10,2025-09-13,1403
2021-11-10,2026-07-06,1699
2021-11-10,2027-06-05,2033
2021-11-10,2035-05-31,4950
2021-11-10,2027-10-30,2180
2021-11-10,2039-05-07,6387
2021-11-10,2027-05-03,2000
2021-11-10,2037-03-29,5618
2021-11-10,2025-05-11,1278
2021-11-10,2038-07-09,6085
2021-11-10,2031-09-18,3599
2021-11-10,2027-08-19,2108
2021-11-10,2036-08-11,5388
2021-11-10,2037-07-22,5733
2021-11-10,2035-05-12,4931
2021-11-10,2029-03-23,2690
2021-11-10,2037-11-03,5837
2021-11-10,2031-03-24,3421
2021-11-10,2029-07-11,2800
2021-11-10,2034-03-03,4496
2021-11-10,2037-01-03,5533
2021-11-10,2035-12-04,5137
2021-11-10,2029-01-15,2623
2021-11-10,2037-03-27,5616
2021-11-10,2025-12-23,1504
2021-11-10,2032-03-04,3767
2021-11-10,2028-06-02,2396
2021-11-10,2037-09-25,5798
2021-11-10,2030-08-21,3206
2021-11-10,2025-10-05,1425
2021-11-10,2028-11-15,2562
2021-11-10,2038-11-12,6211
2021-11-10,2025-11-14,1465
2021-11-10,2026-03-03,1574
2021-11-10,2036-01-08,5172
2021-11-10,2026-10-09,1794
2021-11-10,2039-03-28,6347
2021-11-10,2033-07-04,4254
2021-11-10,2038-05-28,6043
2021-11-10,2030-07-18,3172
2021-11-10,2031-11-22,3664
2021-11-10,2033-06-10,4230
2021-11-10,2039-01-25,6285
2021-11-10,2026-05-04,1636
2021-11-10,2028-09-05,2491
2021-11-10,2033-05-03,4192
2021-11-10,2033-07-18,4268
2021-11-10,2026-06-25,1688
2021-11-10,2034-07-06,4621
2021-11-10,2030-11-22,3299
2021-11-10,2029-12-29,2971
2021-11-10,2034-12-28,4796
2021-11-10,2030-01-24,2997
2021-11-10,2037-07-08,5719
2021-11-10,2024-12-06,1122
2021-11-10,2030-11-02,3279
2021-11-10,2036-11-20,5489
2021-11-10,2028-12-14,2591
2021-11-10,2025-01-23,1170
2021-11-10,2028-03-06,2308
2021-11-10,2035-09-29,5071
2021-11-10,2037-08-31,5773
2021-11-10,2030-01-15,2988
2021-11-10,2026-05-14,1646
2021-11-10,2029-09-15,2866
2021-11-10,2029-02-18,2657
2021-11-10,2029-04-06,2704
2021-11-10,2034-06-30,4615
2021-11-10,2035-07-02,4982
2021-11-10,2026-04-18,1620
2021-11-10,2024-11-28,1114
2021-11-10,2028-11-07,2554
2021-11-10,2035-11-30,5133
2021-11-10,2026-09-20,1775
2021-11-10,2024-10-26,1081
2021-11-10,2029-08-10,2830
2021-11-10,2036-02-05,5200
2021-11-10,2028-12-08,2585
2021-11-10,2037-01-04,5534
2021-11-10,2025-01-19,1166
2021-11-10,2027-02-02,1910
2021-11-10,2030-10-03,3249
2021-11-10,2038-10-12,6180
2021-11-10,2026-10-28,1813
2021-11-10,2031-06-04,3493
2021-11-10,2037-03-23,5612
2021-11-10,2029-09-08,2859
2021-11-10,2024-07-09,972
2021-11-10,2033-04-07,4166
2021-11-10,2036-05-21,5306
2021-11-10,2037-05-23,5673
2021-11-10,2030-12-12,3319
2021-11-10,2039-02-21,6312
2021-11-10,2038-11-22,6221
2021-11-10,2039-08-17,6489
2021-11-10,2029-12-12,2954
2021-11-10,2028-07-30,2454
2021-11-10,2031-04-30,3458
2021-11-10,2026-05-28,1660
2021-11-10,2035-07-07,4987
2021-11-10,2031-03-12,3409
2021-11-10,2039-03-07,6326
2021-11-10,2034-03-09,4502
2021-11-10,2037-12-11,5875
2021-11-10,2031-09-12,3593
2021-11-10,2038-01-09,5904
2021-11-10,2026-07-26,1719
2021-11-10,2025-08-23,1382
2021-11-10,2027-01-03,1880
2021-11-10,2028-08-11,2466
2021-11-10,2038-11-10,6209
2021-11-10,2024-01-30,811
2021-11-10,2024-01-18,799
2021-11-10,2037-06-10,5691
2021-11-10,2024-07-10,973
2021-11-10,2024-06-02,935
2021-11-10,2030-04-29,3092
2021-11-10,2035-01-22,4821
2021-11-10,2035-09-05,5047
2021-11-10,2037-07-01,5712
2021-11-10,2034-07-30,4645
2021-11-10,2035-08-08,5019
2021-11-10,2038-06-29,6075
2021-11-10,2033-11-16,4389
2021-11-10,2032-07-29,3914
2021-11-10,2037-05-08,5658
2021-11-10,2025-04-13,1250
2021-11-10,2026-06-03,1666
2021-11-10,2026-08-04,1728
2021-11-10,2026-05-03,1635
2021-11-10,2032-02-27,3761
2021-11-10,2035-04-10,4899
2021-11-10,2039-02-03,6294
2021-11-10,2027-09-10,2130
2021-11-10,2039-05-31,6411
2021-11-10,2032-02-24,3758
2021-11-10,2025-12-10,1491
2021-11-10,2031-03-27,3424
2021-11-10,2032-01-20,3723
2021-11-10,2038-10-26,6194
2021-11-10,2027-06-21,2049
2021-11-10,2035-04-05,4894
2021-11-10,2032-05-28,3852
2021-11-10,2030-12-20,3327
2021-11-10,2028-01-27,2269
2021-11-10,2025-08-01,1360
2021-11-10,2036-05-04,5289
2021-11-10,2029-01-09,2617
2021-11-10,2039-03-12,6331
2021-11-10,2036-06-28,5344
2021-11-10,2028-09-08,2494
2021-11-10,2027-05-18,2015
2021-11-10,2027-09-09,2129
2021-11-10,2033-10-14,4356
2021-11-10,2039-06-01,6412
2021-11-10,2038-11-02,6201
2021-11-10,2029-12-12,2954
2021-11-10,2026-07-22,1715
2021-11-10,2035-01-22,4821
2021-11-10,2025-09-04,1394
2021-11-10,2028-10-30,2546
2021-11-10,2032-02-12,3746
2021-11-10,2026-06-14,1677
2021-11-10,2038-02-12,5938
2021-11-10,2026-03-27,1598
2021-11-10,2035-05-07,4926
2021-11-10,2028-04-14,2347
2021-11-10,2034-06-21,4606
2021-11-10,2033-10-20,4362
2021-11-10,2031-12-29,3701
2021-11-10,2036-12-21,5520
2021-11-10,2032-12-12,4050
2021-11-10,2025-02-28,1206
2021-11-10,2028-10-14,2530
2021-11-10,2038-12-08,6237
2021-11-10,2038-05-27,6042
2021-11-10,2037-04-11,5631
2021-11-10,2036-08-14,5391
2021-11-10,2031-07-26,3545
2021-11-10,2034-04-17,4541
2021-11-10,2035-03-10,4868
2021-11-10,2035-08-13,5024
2021-11-10,2038-06-01,6047
2021-11-10,2033-01-01,4070
2021-11-10,2028-09-27,2513
2021-11-10,2036-04-01,5256
2021-11-10,2029-04-21,2719
2021-11-10,2030-08-29,3214
2021-11-10,2031-06-08,3497
2021-11-10,2033-05-13,4202
2021-11-10,2033-10-19,4361
2021-11-10,2037-08-07,5749
2021-11-10,2034-08-13,4659
2021-11-10,2038-09-08,6146
2021-11-10,2038-11-12,6211
2021-11-10,2028-02-07,2280
2021-11-10,2027-11-30,2211
2021-11-10,2025-07-10,1338
2021-11-10,2033-09-12,4324
2021-11-10,2026-10-03,1788
2021-11-10,2037-04-29,5649
2021-11-10,2035-12-09,5142
2021-11-10,2030-10-26,3272
2021-11-10,2030-10-26,3272
2021-11-10,2036-04-08,5263
2021-11-10,2031-01-04,3342
2021-11-10,2029-03-18,2685
2021-11-10,2024-08-31,1025
2021-11-10,2029-02-17,2656
2021-11-10,2033-06-22,4242
2021-11-10,2031-01-13,3351
2021-11-10,2039-08-17,6489
2021-11-10,2030-10-27,3273
2021-11-10,2028-02-03,2276
2021-11-10,2029-08-08,2828
2021-11-10,2036-09-01,5409
2021-11-10,2038-04-03,5988
2021-11-10,2028-05-02,2365
2021-11-10,2027-03-24,1960
2021-11-10,2031-01-23,3361
2021-11-10,2031-04-13,3441
2021-11-10,2023-12-13,763
2021-11-10,2029-07-12,2801
2021-11-10,2026-04-08,1610
2021-11-10,2030-09-27,3243
2021-11-10,2038-07-10,6086
2021-11-10,2034-12-20,4788
2021-11-10,2025-12-10,1491
2021-11-10,2031-04-26,3454
2021-11-10,2036-03-17,5241
2021-11-10,2038-01-25,5920
2021-11-10,2024-12-30,1146
2021-11-10,2029-09-07,2858
2021-11-10,2028-05-20,2383
2021-11-10,2031-05-01,3459
2021-11-10,2024-12-26,1142
2021-11-10,2028-07-16,2440
2021-11-10,2024-08-26,1020
2021-11-10,2026-07-05,1698
2021-11-10,2028-08-18,2473
2021-11-10,2037-03-02,5591
2021-11-10,2028-10-05,2521
2021-11-10,2038-03-14,5968
2021-11-10,2033-07-08,4258
2021-11-10,2038-05-07,6022
2021-11-10,2024-12-21,1137
2021-11-10,2027-06-20,2048
2021-11-10,2039-07-24,6465
2021-11-10,2037-01-10,5540
2021-11-10,2036-03-07,5231
2021-11-10,2038-02-07,5933
2021-11-10,2033-09-29,4341
2021-11-10,2037-01-29,5559
2021-11-10,2025-02-07,1185
2021-11-10,2027-05-18,2015
2021-11-10,2039-08-28,6500
2021-11-10,2031-11-16,3658
2021-11-10,2027-07-04,2062
2021-11-10,2036-04-18,5273
2021-11-10,2039-01-24,6284
2021-11-10,2031-09-25,3606
2021-11-10,2037-06-12,5693
2021-11-10,2029-03-01,2668
2021-11-10,2038-12-11,6240
2021-11-10,2030-03-26,3058
2021-11-10,2036-09-07,5415
2021-11-10,2029-01-01,2609
2021-11-10,2024-11-28,1114
2021-11-10,2026-04-09,1611
2021-11-10,2032-03-19,3782
2021-11-10,2028-03-22,2324
2021-11-10,2037-07-09,5720
2021-11-10,2024-04-13,885
2021-11-10,2034-08-11,4657
2021-11-10,2037-06-08,5689
2021-11-10,2028-05-13,2376
2021-11-10,2030-06-11,3135
2021-11-10,2032-09-16,3963
2021-11-10,2032-01-01,3704
2021-11-10,2026-10-26,1811
2021-11-10,2026-08-10,1734
2021-11-10,2030-11-11,3288
2021-11-10,2033-03-01,4129
2021-11-10,2033-09-06,4318
2021-11-10,2025-12-28,1509
2021-11-10,2026-02-21,1564
2021-11-10,2027-02-07,1915
2021-11-10,2026-04-26,1628
2021-11-10,2027-12-12,2223
2021-11-10,2039-09-08,6511
2021-11-10,2035-07-07,4987
2021-11-10,2024-04-18,890
2021-11-10,2028-02-08,2281
2021-11-10,2035-02-08,4838
2021-11-10,2033-04-03,4162
2021-11-10,2030-02-13,3017
2021-11-10,2039-10-23,6556
2021-11-10,2034-11-03,4741
2021-11-10,2029-03-18,2685
2021-11-10,2038-01-09,5904
2021-11-10,2029-03-22,2689
2021-11-10,2029-02-09,2648
2021-11-10,2024-04-17,889
2021-11-10,2037-08-21,5763
2021-11-10,2030-02-07,3011
2021-11-10,2033-12-07,4410
2021-11-10,2036-08-04,5381
2021-11-10,2031-07-04,3523
2021-11-10,2030-06-16,3140
2021-11-10,2027-11-01,2182
2021-11-10,2026-12-07,1853
2021-11-10,2033-10-30,4372
2021-11-10,2029-11-26,2938
2021-11-10,2036-12-07,5506
2021-11-10,2038-05-13,6028
2021-11-10,2030-06-29,3153
2021-11-10,2032-06-18,3873
2021-11-10,2031-01-22,3360
2021-11-10,2035-08-23,5034
2021-11-10,2028-06-09,2403
